id,age,sex,ethnicity,education,childDep,adultDep,smoker,currentAlc,BMI_quant,DBP_quant,SBP_quant,CholHDL_quant,Albumin_quant,Hemoglobin_quant,Phosphate_quant,ACR_quant,CVD,DM,CKDStage,CKDDuration,renalDiagnosis,RRTDuration,TX,MVEorVD_first_5,RRT_first_5,VD_5,D_5,MVEorVD_first_10,RRT_first_10,VD_10,D_10,MVEorVD_first_all,RRT_first_all,VD_all,D_all,cost_hosp,cost_hosp_disc,cost_tx,cost_tx_disc,LY,LY_disc,QALY,QALY_disc
1,50,1,0,0,1,1,0,1,0,2,1,1,0,2,0,0,0,0,1,30,1,0,0,0.062634216,0.652268399,0.0144712,0.091186563,0.107068941,0.91402779,0.030136134,0.209981879,0.195298173,0.999476807,0.105013724,0.752561397,113360.5017,82163.37326,7057.035429,4770.487689,19.33434364,13.06982928,17.30423128,11.82615588
2,70,1,0,1,0,0,2,0,2,1,1,1,2,2,1,0,7,1,1,20,0,0,0,0.457320997,0.137496007,0.137052301,0.250049253,0.685598205,0.298648961,0.293819714,0.568388146,0.934585696,0.672007336,0.818780932,0.993791803,45202.54076,33200.90793,3590.728672,2819.355797,9.837612801,7.724262456,6.345747909,5.027777731
3,60,0,0,1,0,1,0,0,1,0,0,0,0,0,2,3,0,0,3,5,2,0,0,0.105651379,NA,0.039684798,0.324679123,0.17310831,NA,0.080228976,0.534636843,0.295731478,NA,0.24002702,0.955325435,166040.9776,134646.3917,4053.530527,3004.29325,11.10556309,8.230940411,8.613855545,6.425380792
4,60,0,0,1,0,1,0,0,1,0,0,0,0,0,2,3,0,0,4,5,2,0,0,0.045425916,NA,0.013113667,0.133112264,0.085712279,NA,0.031462029,0.316683578,0.196659436,NA,0.163781076,0.918785053,45121.28101,30492.0773,5596.75181,3999.785311,15.3335666,10.95831592,12.24812846,8.849457609
